	Name	Height	Weight	BMI
0	Maria	1.66	56	16.014183991535358
1	Adam	1.87	85	24.307243558580453
2	Peter	1.75	70	20.0177299894192
3	Vanessa	1.68	63	18.015956990477278
4	Hanna	1.6	60	17.158054276645025
